TCP,00 01 00 00
TCP,00 00 64 1C 01 00 00
TCP,08 00 45
TCP,00 00
TCP,1C 3E 96 09 00 08
TCP,1C 96 02 00 08
TCP,00 00 FF FF 54 00 69 00 6D 00 65 00 73 00 20 00 4E 00 65 00 77 00 20 00
TCP,00 00 0C 00
TCP,FF FF
TCP,3D 22
TCP,22 3B 20
TCP,31 FF FF FF
TCP,0D 0A
TCP,0D 0A
TCP,0D 0A
TCP,0D 0A
TCP,0D 0A
TCP,8B 4E 04 33 D2 83 C8 FF 53 8B 59 08 F7 F3
TCP,85 B2 04 77 CE 38 E0 33
UDP,00 00 00 00 00 00 00 00
UDP,00 00 00 01 00 00 00 01
UDP,01 01 04 01
UDP,45 54 56 48 01 01 10 09 00 00 00 01 00 00 00 44
UDP,9C 5C E5 61
TCP,D4 C3 B2 A1 02 00 04 00
TCP,00 80
TCP,27 46
TCP,02 80
TCP,05 00 0B
TCP,00 01 00 00 00
TCP,03 00 0F
TCP,02 28
TCP,0D 0A 0D 0A 96 84 84 92 85 83 88 98 9C F6
TCP,53 00 00 00
TCP,00 00 00
TCP,12 01
TCP,03 00
TCP,00 06
TCP,00 00 00 20 00
TCP,20 00
TCP,00 00
TCP,EF 01 04 00 0A
TCP,4A 01 00 80 01 D5
TCP,1C 96 05 00 07 01 00 00 00 43 3C 96 02 00 08
TCP,96 06 00 08
TCP,1C 96 07 00 07 01 00 00 00 08
TCP,1C 96 02 00 08
TCP,1C 96 05 00 07 01 00 00 00 43 1D 96 02 00 08
TCP,96 06 00 08
TCP,1C 96 07 00 07 01 00 00 00 08
TCP,0D 0A
TCP,FF FE
TCP,03 A9 00 00
TCP,01 00 04 04
TCP,00 01 04 00 00 00 01
TCP,18 03 00
TCP,16 03 01
TCP,03 03
TCP,0D 0A
TCP,0D 0A
TCP,0D 0A
TCP,FE FF
TCP,A9 03 00 00
TCP,3D 31 26
TCP,3D 31 26
TCP,00 00 00 01 00 00 00
TCP,01 00 00 00 68 01 00 00
TCP,FF 4F FF 51
UDP,E3 0C
UDP,00 00 00 00 A0 0F 00
TCP,55 8B EC 6A FF 68
TCP,00 A2 01
TCP,A2 01
TCP,15 05 00 00
TCP,11460
TCP,05 00
TCP,39 00 00
TCP,00 00
TCP,03 00 17
TCP,02 40
TCP,96 0B 00 04 05 07 03 00 00 00 04 04 08 19
TCP,96 04 00 04 05 08 11
TCP,03 00 00 00 FF FF 00 00
TCP,00 00 00 00 E8 03 00 00 FF FF 00 00
TCP,C4 DA CD F8
TCP,BC C6 CB E3 BB FA C3 FB 3A
TCP,55 04 03 13 1E
TCP,01 00 00 00
TCP,4C 00 00 00
TCP,28 00 00 00
TCP,08 00
TCP,0E 00 00 00
TCP,00 2A
TCP,01 01 00 03 00 00 00 01
TCP,2A 00
TCP,01 01 03 00 01 00 00 00
TCP,0D 0A
TCP,96 14 00 00
TCP,00 52 17 96 09 00 00
TCP,FE FF
TCP,03 A9 00 00
TCP,BC 6C
TCP,0D 0A
TCP,00 2A
TCP,01 01 00 03 00 00 00 01
TCP,00 00 00 0C 6A 50 20 20
TCP,60 2E 72 64 61 74 61 00 00 0A 13 00 00 00 50 00 00 00 20 00 00 00 50 00 00 00 00 00 00 00 00 00 00 00 00 00 00 40 00 00 40 2E 64 61 74 61 00 00
TCP,3A 20
TCP,3A 20
TCP,0D 0A
TCP,3A 20 3C
TCP,0D C9 08 00
TCP,00 00
TCP,00 00 78
TCP,2C 05 42 01
TCP,05 00 00 00
TCP,03 00 00 A0
TCP,00 00 00 05 00 00
TCP,00 00 00 01 00 00 00 01 00 00 00 03
TCP,03 04
TCP,6F 64 FA C9 80 66 C2 14 5B A3 20 6D CD 15 88 F6
TCP,32 05 00 00
TCP,3A 20
TCP,18 03 02
UDP,17 17 17 17 17 17 17 17
TCP,9000
UDP,06 80 00 00 00 00 00 00 00 00
UDP,00 00 00 00 00 00 00 00
TCP,CF CF
TCP,FF FF D0
TCP,0D 0A
TCP,0D 0A
TCP,0D 0A
TCP,0D 0A
TCP,00 00
TCP,00 20 00
TCP,0D 0A
TCP,3A 20 0D 0A
TCP,C2 E5 E5 E5 9E DC DD A1 DC D0 DD A3 A6 C8 A1 D5 A4 D7 C8 D1 83 D4 86 C8 A7 DD D1 D4 C8 D7 D6 D7 A4 A7 D6 D0 D2 A0 D2 A6 DD 98 E5
TCP,20 2A 20 30 20 3A
TCP,01 12
TCP,00 03
UDP,18 03 03
TCP,C7 40 08 00 04 00 00
TCP,D2 24 00 61
TCP,D2 D1 4F
TCP,01 D2 24 00 61
TCP,00 08
TCP,40 3C
TCP,00 08
TCP,1C 96
TCP,B0 B2 FC
TCP,FC A0 A6 FC
TCP,21 43 34 12
TCP,8B 8D DA 58
TCP,2F 7C
TCP,700
TCP,7C 5B
TCP,EB 00
TCP,68 57 24 13
UDP,84 A1 76 01 A1 63 C4 14
TCP,55 04 08 0C 0E
TCP,00 01 00 00
TCP,3B 20
TCP,0D 0A
TCP,0D 0A
TCP,0D 0A
TCP,74 01 00 00
TCP,3A 20
TCP,0D 0A
UDP,85 00
UDP,137
TCP,5D 01
TCP,17 03 00
TCP,25 80 10 61 04
TCP,17 01 04 00 01 00 00 00
TCP,06 07 2A 86 48 CE 38 04 01
TCP,16 03
TCP,5B 6F 58 4E 1E E9 84 7B F2 43 A7 00 02 D9 9E 1A 55 63 F6 27 8D 34 6F A4 D2 77 8D 9B B3 E8 44 67
TCP,FF 12
TCP,18 03 01
TCP,16 03 01
TCP,03 00 11
TCP,02 28
TCP,FB 27 68 DE 2D D6 BF E0 AC BF B5 82 78 7B 5C F0
TCP,AE 6E 3C CD EE AE BF 33 F5 0F 58 D5 2D 74 3D 2A
TCP,68 00 74 00 74 00 70 00 3A 00 2F 00 2F 00
TCP,00 2E 00 78 00 6D 00 6C 00 00 00
TCP,00 01 00 01 00 00 00 00
TCP,00 10 00 01 00 00 00
TCP,2A 00
TCP,01 01 04 00 01 00 00 00
TCP,91 70 00 00 00 00 00 00 00 00 00 00
TCP,16 03
TCP,30 82
TCP,4A 0A 00 80
TCP,0D 0A
TCP,22 A4
TCP,16 03
TCP,3E 00
TCP,00 20 00
TCP,55 04 0A 0C 03
TCP,55 04 08 0C 06
TCP,75 00 00 00 00
UDP,00 00 00
TCP,3F 03
TCP,1C 96 05 00 07 01 00 00 00 43 3C
TCP,06 07 2A 86 48 CE 3D 02 01 06 08 2A 86 48 CE 3D 03 01 07
TCP,16 03
TCP,96 04 00 04 00 08 03 1C 69 96 04 00 04 00 08 04
TCP,96 02 00 08 0B
TCP,96 02 00 08 10
TCP,3E 0D 0A 3C
TCP,3E 0D 0A 3C
TCP,3D 22
TCP,DC 01
TCP,03 00 00 A4
TCP,03 00 00 A4
TCP,3B 20
TCP,3B 20
TCP,3B 20
TCP,3B 20
TCP,3B 20
TCP,3B 20
TCP,6A 01 68 EC BF EB 0A 8B
TCP,50 FF
TCP,50 68 E6 22 69 F9 68 00 10 00 00 68 3B 1C 7B AA 8B
TCP,51 68 FF FF FF 7F 6A 00 8B
TCP,29 D0 66 05
TCP,18 03 02
TCP,96 F4 F6 F6
TCP,FE F6 F0 F6
TCP,06 07 2A 86 48 CE 3D 02 01
TCP,16 03
TCP,E5 AA C0 31
TCP,75 FD 41 63 B2 CF 01 E3 02 89 60 63 B2 CF 01 E3
TCP,22 3A
TCP,22 3A
TCP,22 3A
TCP,22 3A
TCP,96 24 00 08 09 07 04 00 00 00 07 03 00 00 00 07 02 00 00 00 07 01 00 00 00 07 01 00 00 00 08 00 07 06 00 00 00 08 02 3D
TCP,4E 96 02 00 08 02
TCP,AC ED 00 05
TCP,00 00 00 02 00 00 00 01 00 00 00 05
TCP,1C 96 02 00 08
TCP,00 00 00 00
TCP,0D 0A
TCP,00 00 00 00 11 01 00 00 01 00 00 00
TCP,FE FF 00 32 00 00 00 20
TCP,00 34 00 32 00 00 00 20
TCP,00 5C 00 2E 00 2E 00 5C
TCP,03 01
TCP,5C 00
TCP,A1 03 02 01 05 A2 03 02 01 0A
TCP,A7 06 02 04
TCP,22 3B
TCP,16 03
TCP,30 82
UDP,2B 06 01 04 01 5F
TCP,0D 0A
TCP,50 4B 03 04
TCP,7E 7E
TCP,7E 7E 7E
TCP,28 22 25
TCP,3D 3D
TCP,3A 5C 5C
TCP,00 12 00 00 00
TCP,20 0A
TCP,03 04
TCP,A1 01 00 00
TCP,F8 B4 92 8B B3 0C 88 45 5E 8E C4 E2 43 10 CE C4 8A D8 8B C3 85 4C EA 3F 24 12 F8 85 97 1F D2 38
TCP,53 00 65 00 6E 00 64 00 45 00 6D 00 61 00 69 00 6C 00 2E 00 64 00 6C 00 6C 00 00 00
TCP,2E 00 69 00 71 00 00 00
TCP,2E 00 69 00 71 00 00 00
TCP,4E 96 05 00 07 01 00 00 00 43 87 01 00 04 17 96 08 00 04
TCP,4E 4F 96 08 00 04
TCP,4E 4F 96 0D 00 04
TCP,94 00 00 00
TCP,46 00 00 00 44 02 00 00 38 02 00 00
TCP,32 00
TCP,00 2E 2E 5C 2E 2E 5C
TCP,3B 20
TCP,02 00 00 00
TCP,11 11 11 11 00 00 00 00
TCP,01 00 00 00
TCP,00 00 00 00
TCP,3B 29
TCP,01 00 06
TCP,01 00
TCP,0D 01 D0 66 06 60 02 66 0E D0 66 0B 4F 0F 02 D0
TCP,06 03 55 1D 1E 04
TCP,25 F8 07
TCP,25 F8 07
TCP,25 F8 07
TCP,00 20 00
TCP,00 22 00 3E 00
TCP,00 2E 00
TCP,16 03 01
TCP,03 01
TCP,0D 0A 0D 0A
TCP,B8 1D 11 00 00 BA 00 03 FE 7F
TCP,B8 FD 10 00 00 BA 00 03 FE 7F
TCP,3D 22
TCP,3D 22
TCP,0D 0A
TCP,0D 0A
TCP,17 03 03
TCP,68 57 24 13
TCP,BF 14
TCP,0D 0A
TCP,0D 0A
TCP,FE FF
TCP,91 03 00 00
TCP,21 F9 04
TCP,2A 00
TCP,06 01 03 00 01 00 00 00 02 00
TCP,1C 01 03 00 01 00 00 00 01 00
TCP,40 00
TCP,0B 00
TCP,CC 00 00 00 00 00 00 00
TCP,00 00 00 00
TCP,01 00 06
TCP,01 00
TCP,06 07 2A 86 48 CE 3D 02 01 06 05 2B 81 04 00 23
TCP,16 03
TCP,00 00 9B 4F
TCP,00 00
TCP,00 00 00 01 00 00 00 01 00 00 00 02
TCP,20 4A
TCP,71 74 B6 B6 B6 B6 B6 B6 B6 B6 B6 B6
TCP,67 8D 90 D6
TCP,B6 B6 FF FF FF FF
TCP,21 43 34 12
TCP,00 36 D8 F4
TCP,7B 22 64 22 3A 7B 22 62 22 3A 22
TCP,5C 5C
TCP,22 3A 22
TCP,22 3A 22
TCP,11 76 90 09 00 09 00 00 00
TCP,00 00 01 B3
TCP,68 00 74 00 74 00 70 00 3A 00 2F 00 2F 00
TCP,32 02 00 00 C0
TCP,52 00 00 00 00
TCP,0D 0A
TCP,3A 20
TCP,CE 04 00 00
TCP,6A 20 0F 43 45
TCP,96 23 00 06
TCP,1C 96 02 00 08
TCP,4E 96 02 00 08
TCP,53 87 01 00
TCP,4E 0F 42 07 27
TCP,0D 0A 0D 0A
TCP,8E 08 00 00 00 00 02 29 00
TCP,96 02 00 08
TCP,1C 96 02 00 08
TCP,4E 96 05 00 07
TCP,00 07
TCP,00 07
TCP,00 07
TCP,00 08
TCP,1C 96 02 00 08
TCP,52 96 02 00 08
TCP,52 17 96 05 00 07
TCP,43 87 01 00
TCP,96 09 00 04
TCP,FE FF
TCP,91 03 00 00
TCP,18 03 03
TCP,0D 0A
TCP,0D 0A 0D 0A
TCP,6A 00 6A 00 6A 00 6A 00 6A 17 6A 32 6A 0B 68 F8 00 00 00 68 00 00 50 CC
TCP,C7 45
TCP,0D 0A
TCP,0D 0A
TCP,0D 0A
TCP,0D 0A
TCP,5050
TCP,332
TCP,C2 E5 E5 E5 9E A0 D7 A4 A6 D0 D5 DD DC C8 D6 DD D7 D5 C8 D1 D6 83 80 C8 DD A4 D1 A1 C8 A4 D2 D5 D7 DD A3 A4 A1 DD A6 D7 DD 98 E5
TCP,BF 03
TCP,01 00 8F
TCP,43 4F 96 04 00
TCP,00 00 00 00 00 00 00 00 64 00 00 00 00 00 00 00
TCP,00 00
TCP,69 00 00 00 28 28
TCP,29 5B
TCP,5D 7B
TCP,13 08
TCP,00 00
TCP,2E 00
TCP,00 2E 00
TCP,55 04 03
TCP,3A 20
TCP,3A 20
TCP,0D 0A
TCP,3A 20
TCP,0D 0A
TCP,3A 20
TCP,0D 0A
TCP,3A 20
TCP,0D 0A
TCP,40 00
TCP,0B 00
TCP,D0 00 00 00 00 00 00 00
TCP,00 00 00 00
TCP,01 02 00 00 00 00 00 04 02 00 00 00 00 00 00 00 02
TCP,0D 0A
TCP,0D 0A
TCP,07 00
TCP,01 CD 87 F4 51 A9 CF 11 8E E6 00 C0 0C
TCP,3A 20
TCP,0D 0A
TCP,3A 20
TCP,0D 0A
TCP,3A 20
TCP,61456
TCP,0D 0A
TCP,3A 20
TCP,0D 0A
TCP,3A 20
TCP,18 00
TCP,00 00 00 00
TCP,8D F3 75 EA DC
TCP,FF 0E
TCP,07 01 00 00 00 43 87 01 00
TCP,3A 20
TCP,3A 20
TCP,0D 0A
TCP,0D 0A
TCP,0D 0A
TCP,00 00 00
TCP,62 05 66 01 25 FF 01 A8 62 06 C5 25 FF 01 A8 63 06
TCP,4A 01 00 80 01 D5
UDP,16 FE FF
UDP,FE FF
TCP,A1 F4
TCP,A1 F4
TCP,22 3B
TCP,0D 0A
TCP,00 08
TCP,42 4D
TCP,28 00 00 00
TCP,01 00 04 00
TCP,20 3A 03
TCP,20 03
TCP,0D 0A
TCP,3A 20
TCP,0D 0A
TCP,3B 20
TCP,FF 15 34 F2 45 00
TCP,FF 15 30 F2 45 00
TCP,FF 15 38 F0 45 00
TCP,FF 15 34 F0 45 00
TCP,FF 15 30 F0 45 00
TCP,FF 15 40 F0 45 00
TCP,61 00 7A 00 72 00 61 00 66 00
TCP,00 00 00 00 24 00 00 00 00 00 00 00
TCP,18 03 01
TCP,10 00 08 01
TCP,01 01
TCP,00 00 00
TCP,9E 08
UDP,00 00 00 00 00 00 00 00
UDP,00 00 00 01 00 00 00 01
UDP,01 01 04 01
TCP,01 68
TCP,D0 66
TCP,D0 66
TCP,00 D0
TCP,AC ED 00 05
TCP,00 0C
TCP,70 74 00 07
TCP,42 4D
TCP,6C 00 00 00
TCP,01 00 04 00
TCP,16 03
TCP,00 C4 67 9A 04 97 41 EF 47
TCP,11 04 6F 24 00 00 0A 07 72 EE 01 00 70 28 0F 00 00 06 0A 00
TCP,9D 13 00 01
UDP,00 01 00 01 00 00 00 00
TCP,27 20
TCP,27 20
TCP,27 20
TCP,3A 20
TCP,3B 20
TCP,3A 20 2D
TCP,3B 20
TCP,3A 20 2D
TCP,3B 20
TCP,3A 20
TCP,3B 27 3E 3C 2F
TCP,3F 03
TCP,1C 96 05 00 07 02 00 00 00 43 3C
TCP,96 06 00 08
TCP,07 00
TCP,00 00 A8 01 00 00 78 9C
TCP,4F 06 01 5D 07 4A 07 00 80 07
TCP,61 08 5D 09
TCP,96 05 00 07 00 00 00 40
TCP,96 05 00 07 00 00 00 20
TCP,96 04 00 04 04 04 04 47 87 01 00 04
TCP,68 00
TCP,00 00 00
TCP,0D 0A 1A 0A
TCP,01 00
TCP,00 00 00
TCP,00 00 00 00 00
TCP,01 00 07
TCP,00 21
TCP,C7 06 01 00 34 12
TCP,2A 00
TCP,01 01 03 00 01 00 00 00
UDP,00 00
TCP,01 00
TCP,177
TCP,105
TCP,0D 0A
TCP,0D 0A
TCP,01 01
TCP,C2 E5 E5 E5 9E DD A4 A3 D4 A6 D4 D3 D1 C8 A0 A7 A1 D3 C8 D1 87 D7 87 C8 A7 A6 D4 A3 C8 D3 D1 D3 D2 D1 A0 DC DD A4 D2 D4 D5 98 E5
TCP,29 20
TCP,3F 05
TCP,01 00 06
TCP,01 00
TCP,0E 08 44 13 30 30 30 30 30 30
TCP,24 00 61
TCP,24 64 2C
TCP,27 24 02 4F
TCP,27 24 02 4F
TCP,30 5A 00 2A
TCP,2A 30 2B 6D 01
TCP,28 22
TCP,73 00 00 00 00
TCP,00 00
TCP,00 03 00 00 00
TCP,5C 56 4D 57 2D 58 50 53 50 32 45 4E 5C 63 24 5C 44 6F 63 75 6D 65 6E 74 73 20 61 6E 64 20 53 65 74 74 69 6E 67 73 5C 70 6F 73 74 6F 5C 44 65 73 6B 74 6F 70 5C 50 6F 43 5C 53 65 74 75 70 52 65
TCP,4F 8E
TCP,00 00 00 00
TCP,00 08
TCP,1C 96
TCP,07 00 00 00
TCP,00 00 00 00 00 00 00 00 00 00 00 00 01 00 00 00 01 00 00 00 0E 00 00 00 0A 0F 10 11 1B 2E
TCP,B0 00 00 00
TCP,00 00 00 70 2C 53 9D
TCP,00 00 00 20 00
TCP,20 00
TCP,00 00
TCP,00 00 00 20 00
TCP,20 00
TCP,00 00
TCP,C2 E5 E5 E5 9E D2 DD D6 A0 A4 A6 A7 A3 C8 A0 A3 DD A7 C8 D1 DC DD 80 C8 A4 D5 D0 DC C8 A3 D5 A7 D0 A7 A1 D4 D7 D3 D1 D4 A0 98 E5
TCP,24 00 61
TCP,24 64 2C
TCP,27 24 02 46
TCP,27 24 02 46
TCP,30 5A 00 2A
TCP,2A 30 2B 6D 01
TCP,7B 5C
TCP,16 03
TCP,00 8F 77 DF 9C F4 D2 43 19
TCP,3E 3C
TCP,3E 3C
TCP,3E 3C
TCP,3E 3C
TCP,80 02
TCP,5D 01 4A 01 00 80 01
TCP,80 02
TCP,07 03 00 00 00 08
TCP,1C 96 02 00 08
TCP,52 17 96
TCP,07 02 00 00 00 08
TCP,03 00 16
TCP,02 40
TCP,3A 2F 2F
TCP,3A 5C
TCP,05 00
TCP,0D 0A
TCP,3A 20
TCP,83 7D E4 FC
TCP,68 88 00 00 00
TCP,3C 9B 05 00 00 00 00 00 00 9B 05 00 00 00 00
TCP,96 0B 00 06 00 00 00 00 00 00 00 00 08
TCP,1C 96 02 00 08
TCP,21 00
TCP,21 20 22
UDP,E3 0C
UDP,00 00 00 00 A0 0F 00
TCP,A1 AD A4 E2 E7 AE CA D0 72 C5 F2 D0 87 D7 B5
TCP,FF FF FF FF FF FF 00 00 FE FF FF FF FF FF FF FF FF FF 88 FF
TCP,01 00
TCP,3B 0A
TCP,36 00 00 00 C7 05
TCP,2C 00 00 00 C7 05
TCP,40 00 00 00 C7 05
TCP,D8 D8 D8 D8 37 27 27 26
TCP,27 27 27 27 27 27 27 27
TCP,19 83 19 84 00 00 00 01 00 00
TCP,0D 0A
TCP,0D 0A
TCP,0D 0A
TCP,68 00 04 00 00
TCP,68 00 04 00 00
TCP,52 68 02 04 39 00
TCP,6000
TCP,0D 0A
TCP,AC ED 00 05
TCP,25 FF 01 15 CB FF FF
TCP,25 FF 01
TCP,E5 AA C0 31 A9 BF DC CB 31 5B
TCP,0D 0A
TCP,0D 0A
TCP,0D 0A
TCP,0D 0A
TCP,32 00 00 00 00
TCP,41 00
TCP,0E 00 0D 00 00 00 00 00 00 00 00 00 00 00 00 00 00
TCP,0D 0A
TCP,28 22
TCP,22 29
TCP,28 22
TCP,75 00 00 00 00
TCP,00 00 00
TCP,5C 5C 2E 5C
TCP,4A 02 00
TCP,4F 08 01
TCP,4F 08 01
TCP,4F 08 01
TCP,4F 08 01
TCP,4F 08 01
TCP,64 A1 18 00 00 00 83 C0 08 8B 20 81 C4 30 F8 FF FF
TCP,20171
UDP,9C 9C 9C 9C 9C 9C 9C 9C 9C 9C 9C 9C 9C 9C 9C 9C 9C 9C 9C
TCP,1C 4E 25 96 02 00 08
TCP,53 3C 96 02 00 08
TCP,40 00 00 00 00 D2 49 6B 00 00 00 00 40 00 00 00 00 4C 10 5F 20 E3 C6 01 40 00 00 00 00 1E 5A CA 20 E3 C6 01
TCP,FE FF 00 00
TCP,3A 20
TCP,1A 27 00 00
TCP,96 04 00 04 04 08 07
TCP,96 04 00 04 04 08 07
TCP,29 0D 0A
TCP,01 00 07
TCP,00 21
TCP,78 9F 3E 22
TCP,32 00 00 00 00
TCP,42 00
TCP,0E 00
TCP,00 00
TCP,3C 64 69 76 20 69 64 3D 22 64 69 76 31 61 22 20 73 74 79 6C 65 3D 22 68 65 69 67 68 74 3A 32 30 30 30 70 78 22 3E 26 6E 62 73 70 3B 3C 2F 64 69 76 3E
TCP,02 00 00 00 0C
TCP,5C 5C
TCP,96 02 00 08 07
TCP,2A 00
TCP,01 01 03 00 01 00 00 00
TCP,2E 00 00 00 83 13 14 6E 5B 4F 77 29
TCP,2F 00 00 00 00
TCP,00 00 00 00 00 00 00 00 00 00
TCP,FF 00
TCP,04 00
UDP,01 10 00 01
UDP,00 00 20 00 01
TCP,02 00 00 00 01 00 01 00
TCP,3B 20
TCP,2A 2F
TCP,FF FF FF 80 7F 65 82
UDP,06 00 FF 07 06 10 00 00 00 00 00 00 00 00
UDP,00 00 00 00
UDP,00 00 00 08 00
TCP,05 C4 89 84 24 70 1A 30 5B 82 44 8D 79 22 75 04 67 09 4E 33 7B
TCP,C4 02 00 00
TCP,00 00 00 00
TCP,10 00
TCP,40 3C 96 02 00 08
TCP,1C 96 02 00 08
TCP,21 43 34 12
TCP,B1 3C C1 6A
TCP,02 00 08
TCP,A2 07
TCP,BF 15
TCP,20 28
TCP,3B 20
UDP,18 03 01
TCP,44 00 61 00 79
TCP,48 00 6F 00 75 00 72
TCP,FF FE
TCP,03 91 00 00
TCP,00 01 00 00
TCP,00 00 1B 00 00 00
TCP,00 00
TCP,A9 A2 AC E1 DE DA BE
TCP,30 31 31 33 0C 00 00 00 08 00 00 00 19 FF FF FF FF 00 00 00 00 11 00 00
TCP,EC 03 00 00
TCP,FE FF 00 32 00 00 00 20
TCP,00 34 00 32 00 00 00 20
TCP,00 2F 00 2E 00 2E 00 2F
TCP,18 03 00
TCP,13 10 00 00
TCP,11460
TCP,20 2F
TCP,2F 20
TCP,3A 20
TCP,0D 0A
TCP,3A 20
TCP,3A 20
TCP,B7 F6 8A 0D D5 EF 6D 4F A8 34 31 47 40 AB 8C AA
TCP,1D 1D 1D 1D 1D 1D 1D 68
TCP,C7 40 18 00 04 00 00
TCP,4A 02 01
TCP,4A 03 04
TCP,3A 2F 2F
TCP,0D 0A
TCP,0D 0A 0D 0A
TCP,0D 0A
TCP,0D 0A
TCP,0D 0A
TCP,5E 03
TCP,60 03
TCP,64 D1 66 14 66 15
TCP,0D 0A
TCP,02 00 02 00 00 00 00 00
TCP,00 9B
TCP,96 02 00 08
TCP,26 96 0B 00 06 00 00 00 00 00 00 00 00 08
TCP,1C 96 02 00 08
TCP,52 17 96 02 00 08
TCP,3E 96
TCP,07 01 00 00 00 08
TCP,07 02 00 00 00 08
TCP,00 00
TCP,00 00
TCP,0D 0A
TCP,0D 0A
TCP,00 00 00 01 00 00 00 01 00 00 00 08
TCP,1179
TCP,96 02 00 04 02 96 02 00 04 03 69 26
TCP,6A 00 6A 00 6A 00 68 50 10 40 00 6A 00 6A 00 FF 15 04 F0 42 00 8B 35 00 F0 42 00
TCP,CA FE BA BE
TCP,00 04 1D A5
TCP,D0 CF 11 E0
TCP,13 08
TCP,00 00
TCP,46 4C 56 01 05 00 00 00 09 00 00 00 00 09 00 02
TCP,16 03
TCP,55 04 06 13 02
TCP,55 04 07 0C 13
TCP,55 04 0A 0C 12
TCP,CF F4 00 03 7F FF 00 00 00 00 00 00 00 0A 00 00 00 00 00 64 00 00 00 00 00 02
TCP,0E 01 00 00 0A 00 00 00 64
TCP,0D 0A
TCP,3A 20
TCP,00 7E 00 E2
TCP,00 01 00 00
TCP,5C 00
TCP,878
TCP,0D 0A
TCP,0D 0A
TCP,0D 0A 0D 0A
TCP,00 00 00
TCP,52 17 96 35 00
TCP,4E 96 02 00 08
TCP,53 3C 96
TCP,52 17 96
TCP,FE FF
TCP,18 03 02
TCP,16 03 03
TCP,4A 06 00 61 05 D0 66 05 24 01 61 13
TCP,96 02 00 08
TCP,52 3C 96 02 00 08
TCP,1C 96 04 00 08
TCP,96 09 00 08
TCP,07 00 12 00 00 07 01 00 00 00 08
TCP,07 01 00 00 00 07 01 00 00 00 07 00 00 00 00 07 00 00 00 00 07 00 00 00 00
TCP,4F 99 02 00
TCP,8E 08 00 00 00 00
TCP,0D 0A
TCP,3B 20
TCP,4E 96 05 00 07 00 02 00 00 0B 4E
TCP,96 04 00 04
TCP,1C 96 02 00 08
TCP,4E 48 12 9D 02 00
TCP,1C 96 02 00 04
TCP,4E 96 02 00 08
TCP,50 52 43 C9 1F 00 00
TCP,96 09 00 07 02 00 00 00 04 02 08 0A
TCP,96 04 00 04 05 08 12 8E 08 00 00 00 00 04 29 00 DC 00
TCP,96 02 00 08 18
UDP,00 04 00 00
UDP,00 00 00 00 00 00 00 00
UDP,52302
TCP,8E 08 00 00 00 00 02 29 00 00 00 8E 08 00 00 00 00 04 29 00
TCP,96 05 00 07 20 00 00 00 87 01 00
TCP,96 07 00 07 00 00 00 00 08
TCP,1C 96 04 00 08
TCP,47 4E 96 02 00 08
TCP,07 00 00 00 00 47 4E 3E 96 09 00 08
TCP,01 06 77 42
TCP,00 00 00
TCP,01 5D
TCP,52 6A 69 6A 47 6A 0F 8B 45
TCP,50 FF 15 28 11 41 00 C7 45
TCP,63 D7 36 36
TCP,6A 08 6A 41 8D 85 08 FF FF FF 50 E8 3D F9 FF FF 83 C4 0C 8D 85 08 FF FF FF 50 E8 00 FA FF FF 83
TCP,00 14 00 00 00 10 00 0E 00 00 0B 7E 21 40 23 24 25 5E 26 2A 28 29
TCP,06 07 2A 86 48 CE 3D 02 01 06 05 2B 81 04 00 22
TCP,16 03
TCP,16 03
TCP,55 04 06 13 02
TCP,55 04 07 0C 08
TCP,55 04 0A 0C 0E
TCP,5E 03 5D 04 24 02 4A 04 01 61 03
TCP,5E 0E 5D 0F 2C 1B 5D 05 66 05 5D 01 66 01 5D 01 66 01 4A 0F 04 61 0E
TCP,C7 45 E8 FF FF FF FF
TCP,FF FF FF 07 00
TCP,16 03 03
TCP,15 E9 FF FF F0 19 D1 25 FF 01 D0 42 00 61 04
TCP,00 00 D2 24 00 61
TCP,D2 D3 4F
TCP,01 62
TCP,D2 24 00 61
TCP,D2 4F
TCP,3C 00
TCP,00 5F 00
TCP,03 00 13
TCP,02 30
TCP,B8 0F 11 00 00 BA 00 03 FE 7F FF 12 C2 08 00
TCP,B8 20 11 00 00 BA 00 03 FE 7F FF 12 C2 0C 00
TCP,B8 23 11 00 00 BA 00 03 FE 7F FF 12 C2 0C 00
TCP,B8 0A 11 00 00 BA 00 03 FE 7F FF 12 C2 18 00
TCP,B8 09 11 00 00 BA 00 03 FE 7F FF 12 C2 18 00
TCP,00 00 00 03
TCP,00 00 00 01
TCP,00 00 00 00
TCP,16 03 01
TCP,03 01
TCP,55 04 06 13 02
TCP,55 04 0A 13 0C
TCP,29 3B 28
TCP,3790
TCP,6760
TCP,01 CD 87 F4 51 A9 CF 11 8E E6 00 C0 0C
TCP,FF D8 FF E0 00 10
TCP,0D 0A
TCP,0D 0A
TCP,3B 20
TCP,29 0D 0A
TCP,17 03 01
TCP,3C 2F
TCP,3E 3C
TCP,3C 2F
TCP,3E 3C
TCP,3C 2F
TCP,3E 3C
TCP,3C 2F
TCP,3E 3C
TCP,3C 2F
TCP,3E 3C
TCP,11 AF
TCP,08 00
TCP,17 03 02
TCP,0A 0A
TCP,06 06 2B 06 01 05 02 05 A2
TCP,55 55 09 00
TCP,0D 0A 0D 0A 80 00 00 00
TCP,96 02 00 08
TCP,1C 96 02 00 08
TCP,9B 05 00 00 00 00
TCP,96 02 00 08
TCP,1C 96 02 00 08
TCP,9B 05 00 00 00 00
TCP,96 0B 00 06 00 00 00 00 00 00 00 00 08
TCP,3D 17 4F 96 04 00 08
TCP,1C 96 07 00 07 02 00 00 00 08
TCP,1C 96 02 00 08
TCP,4E 96 02 00 08
TCP,52 17 4F 96 04 00 08
TCP,0D 0A 0D 0A 5C
TCP,02 F0 80 7F 65
TCP,03 00
TCP,4E 96 02 00 08 02 52 17
TCP,48 89 74 24 30 48 89 7C 24 38 E8 D7 00 00 00
TCP,00 55 AA
TCP,00 C8 00 00
TCP,3A 2F 2F
TCP,20 3A 20
TCP,0D 0A
TCP,20 3A 20
TCP,0D 0A
TCP,20 3A 20
TCP,0D 0A
TCP,20 3A 20
TCP,0D 0A
TCP,96 04 00 04 01 08 10 4E 96 04 00 08 11 08 09 1C 96 02 00 08 12 4E 96 02 00 08 13
TCP,96 0B 00 08 05 07 02 00 00 00 04 01 08 06 52
TCP,00 00 00 00
TCP,00 00
TCP,00 00
TCP,01 00
TCP,3B 27 20 20
TCP,32 02 00 00 C0
TCP,51 00 00 00 00
TCP,7C 27 7C 27 7C
TCP,7C 27 7C 27 7C
TCP,3A 20
TCP,3C 7C 3E
TCP,3C 7C 3E
TCP,01 00 00 00
TCP,00 00
TCP,21 43 34 12
TCP,4E 08 7D EB
TCP,68 00 04 00 00
TCP,68 00 04 00 00
TCP,52 68 02 04 39 00
TCP,06 06 2B 06 01 05 05 02 A0
TCP,06 06 2B 06 01 05 02 05 A2
TCP,0D 0A
TCP,0D 0A
TCP,0D 0A
TCP,0D 0A 0D 0A
TCP,0D 0A
TCP,A5 D0 A5 AB 00
TCP,28 2F 2A
TCP,2A 2F
TCP,2F 2A
TCP,2A 2F
TCP,2F 2A
TCP,2A 2F
TCP,2F 2A
TCP,2A 2F
TCP,5C 00
TCP,00 5C 00
TCP,00 20 00
TCP,FF 00 00 E3 00 16 24 01 17 24 01 49 66 01 00 00 00 21 76 00 06 68 01 23 76 00 01 12 0B 23 76 01
TCP,4E 96 05 00 07
TCP,0B 87 01 00
TCP,96 0B 00 06 00 00 00 00 00 00 00 00 08
TCP,1C 96 02 00 04
TCP,4E 96 02 00 08
TCP,52 17
TCP,1C 96 02 00 08
TCP,4E 48 12 9D 02 00
TCP,1C 96 02 00 08
TCP,30 01 01 00 01 03
TCP,28 0A 51
TCP,16 03
TCP,55 04 07 0C 06
TCP,55 04 0A 0C 10
TCP,55 04 03 0C 0E
TCP,16 73 54 7B C9 8B 37 5D 23 7C 40 89 6B 46 57 7C AF 87 9A 2D C0 7D 0C 85 BF 10 B8 7D 61 82 BD C7 C6 79 48 9F 79 B2 31 79 AF 9B E1 9C CD
TCP,16 03 00
TCP,03 00
TCP,0D 0A
TCP,0D 0A
TCP,0D 0A
TCP,0D 0A
TCP,0D 0A 0D 0A 9F 98 85 84 92 88 96 84 84 92 85 83 F6
TCP,96 09 00
TCP,96 02 00
TCP,7C 0A
TCP,49 00 5D
TCP,00 80
TCP,D6 D2 21 20 4F
TCP,D1 20 4F
TCP,01 D1 24 00 4F
TCP,3A 2F 2F
TCP,27 3B
TCP,27 3B
TCP,27 3B
TCP,01 00 00 00 01 00 01 00
TCP,00 80
UDP,84 20
TCP,155
TCP,141
TCP,144
TCP,166
TCP,151
TCP,163
TCP,145
TCP,155
TCP,141
TCP,160
TCP,115
TCP,101
TCP,104
TCP,126
TCP,137
TCP,104
TCP,117
TCP,116
TCP,124
TCP,116
TCP,105
TCP,105
TCP,FF FE
TCP,03 91 00 00
TCP,5C 00
TCP,FF D8 FF E0
TCP,07 00 20 00 00 07 01 00 00 00 08
TCP,96 02 00 08
TCP,31 00 00 00
TCP,00 00 00 00 00 00 00 53 00 00 00 16
TCP,3B 29
TCP,01 00 06
TCP,01 00
TCP,00 82
TCP,A2 00 00 00 00
TCP,00 10 10 0F 0C
TCP,64 64
TCP,0D 0A 0D 0A
TCP,0D 0A
TCP,AC ED 00 05
TCP,26 26
TCP,8B 45 F8
TCP,48 8B
TCP,BA 04 00 00 00
TCP,3C 7C
TCP,7C 3E
TCP,3C 7C 3E
TCP,87 7A 00 20 00 00 00 80 08 00 00 00 00 00 00 00 FF 01 00 00 00 00 00 00
TCP,9B 4F B0 75 E2 76 96 04 5A F1 F9 43 D4 A2 6B
UDP,84 10
TCP,01 17 00 04 00 00 00 01
TCP,00 00 00 14
TCP,08 00 45
TCP,00 00
TCP,2A 00
TCP,01 01 03 00 01 00 00 00
TCP,E5 E4 F5
TCP,F5 99 94 9B F5
TCP,2A AE 2B DC
TCP,38 08 88
TCP,0E 25
TCP,DC 01
TCP,03 00 00 88 00 00 00 00 00 00 00 00 03 00 00 88
TCP,C0 07 00 00 00 00 00 00
TCP,0F FF F0 00 00 00 00
TCP,FF FF FF FF
TCP,82 39 26 41 B0 5D 5A D1
TCP,7F DE 64 36 C7 06 83
TCP,23 23
TCP,23 23 5B 25
TCP,27 2E 28
TCP,27 2E 27
TCP,00 00 00 07
TCP,3E 0D 0A 3C
TCP,3C 2F
TCP,3E 0D 0A 3C
TCP,3E 0D 0A 3C
TCP,3C 2F
TCP,3E 0D 0A 3C
TCP,3C 2F
UDP,5C 00
UDP,00 00 00
TCP,00 00 00 00
TCP,00 02 FF 00 00 02 FF 00 00 02 FF 00 00 02 FF 00 00 02 FF 00 00 02 FF 00 00 02 FF 00 00 02 FF 00
TCP,B8 FC FF FF FF 48 39 45 E8
TCP,BA 88 00 00 00
TCP,31 00 00 00
TCP,00 00 00 00 00 00 00 55 00 00 00 21
TCP,00 00 00 04
TCP,16 03 02
TCP,18 03 01
UDP,00 00
TCP,0D 0A
TCP,0D 0A 0D 0A
TCP,01 00 00 00
TCP,07 84 03 00 00
TCP,96 05 00 07
TCP,96 02
TCP,00 00 00 01 00 00 00 00
TCP,00 00 00 00
TCP,00 00 00 01 00 00 00 02
TCP,00 00 00 03
TCP,96 04 00 04 01 08 09 4E 96 04 00 08 11 08 0B 1C 96 02 00 08 0C 4E 96 02 00 08 0D
TCP,96 0B 00 06 00 00 00 00 00 00 00 00 08 04 40
TCP,03 04
TCP,DF 05 BF 43 B8 77 93 B6 13 11 59 BA 97 21 0C 06
TCP,0D 0A
TCP,0D 0A
TCP,0D 0A
TCP,0D 0A
TCP,FF FE 32 00 00 00
TCP,8E 08 00 00 00 00 03 29 00
TCP,4E 96 07 00 07 01 00 00 00 08
TCP,1C 96 02 00 08
TCP,4E 96 02 00 08
TCP,52 17 96 07 00 07 00 00 00 00 08
TCP,40 87 01 00
TCP,17 96 02 00 08
TCP,18 03 03
TCP,46 00 00 00
TCP,100
TCP,32 00
TCP,00 2E 2E 2F 2E 2E 2F
TCP,FF FF FF FF 07
TCP,FF D8 FF E0
TCP,78 70 00 00
TCP,05 00 0C
TCP,00 02 00 00 00
TCP,FF 4F FF 51
TCP,52 17 96 0D 00 04 01 08
TCP,96 04 00 08
TCP,0D 0A
TCP,0D 0A
TCP,00 00
TCP,03 00 00 00 04
TCP,00 00 00
TCP,00 00 00 00
TCP,21 20 22
UDP,18 03 00
TCP,55 04 08 0C 0F
TCP,16 03 01
TCP,03 01
TCP,55 04 06 13 02
TCP,55 04 08 13 0A
TCP,55 04 07 13 0E
TCP,55 04 0A 13 14
TCP,55 04 0B 13 13
TCP,16 03 02
TCP,FF FF FF FF FF FF FF FF EC A5 C1 00
TCP,16 00
TCP,B7 00
TCP,16 03
TCP,55 04 07 0C 09
TCP,55 04 0A 0C 10
UDP,0C 0C 0C 0C 0C 0C 0C 0C
TCP,00 00 00 00
TCP,73 00 00 00 00
TCP,01 00 00 00 00 00 00 00
TCP,00 00 00 00 00
TCP,D0 CF 11 E0 A1 B1 1A E1
TCP,8E 08 00 00 00 00
TCP,8E 08 00 00 00 00
TCP,96 0B 00 06 00 00 00 00 00 00 00 00 08
TCP,96 09 00 06 00 00 00 00 00 00 00 00 42 3C
TCP,96 02 00 08 09 4E 96 05 00 07 02 00 00 00 96 02 00 08
TCP,A0 D5 D2
TCP,EC 00
TCP,0B F0
TCP,80 00
TCP,65 00 78 00 65 00 63 00 20 00 61 00 64 00 64 00 5F 00 61 00 76 00 73 00 28 00 27
TCP,27 00 30 00 27 00 2C 00 27 00 30 00 27 00 2C 00 27 00 30 00 27
TCP,3B 20
TCP,3B 20
TCP,18 03 00
TCP,55 52 4C 4C 6F 61 64 65 72 07 72 65 71 75 65 73 74
TCP,55 52 4C 52 65 71 75 65 73 74 11 6C 6F 61 64 65 72 5F 69 6F 43 6F 6D 70 6C 65 74 65
TCP,96 09 00 04
TCP,0F 27 00 00
TCP,96 09 00 04
TCP,0D 0A
TCP,3B 20
TCP,0D 0A
TCP,00 00 00 20 00
TCP,20 00
TCP,00 00
TCP,D2 04 00 00 7B 00 00 00
TCP,30 81
TCP,63 81
TCP,02 02 FF FF
TCP,03 00 18
TCP,02 60
TCP,00 00 B0 02 00 00 78 9C
TCP,00 00 00 00
TCP,22 5D 5D 2E
TCP,00 00 00 36
TCP,18 03 03
TCP,96 04 00 08 33 05 00 1D 96 02 00 08 26 1C 96 02 00 08
TCP,00 01 01 00 00 01 00 00 00 00 00 00
TCP,05 00
TCP,7C 0A
UDP,18 03 02
TCP,2A 00
TCP,01 01 04 00 01 00 00 00
TCP,4F 96
TCP,01 00 00 00
TCP,00 00 00
TCP,A0 00 00 00 00
TCP,01 00 00 00 00
TCP,01 41 37
TCP,D1 24 10 0C 05 00 00 D1
TCP,7C 78 01 8D 50
TCP,A2 00 00 00 00
TCP,22 29 3B 0A 0D 0A
TCP,0A 0D 0A
TCP,12 34 00 00 60 05 F0 1E 24 0A AD F0 1E
TCP,6A 58
TCP,6A 00
TCP,04 00 C7
TCP,00 00 6A
TCP,6A 00
TCP,6A 00
TCP,00 10 00 00
TCP,01 00 00 00
TCP,0D 0A
TCP,0D 0A
TCP,3C 2F
TCP,22 3B 40
TCP,00 D3 62 47 DA 62 4A A1 34
TCP,44 01 C1 48 63 F1 BA 04 00 00 00 E8
TCP,3D 22
TCP,22 3B
TCP,27 3B
TCP,32 00 31 90 68 01 3A 70 EA 48 F4 00 1F B0 82 2E 20 B0 C6 41 21 B0 8A 05 22 B0 8A 05 23 90 53 03 24 90 37 02
TCP,03 00 10
TCP,02 28
TCP,7D 00 0C 00 05 F4 00 00 49 96 1F 0D F6 4D 00 00 7D 00 0C 00 01 00 01 00 00 10 0F 00 00 00 00 00
TCP,16 03 01
TCP,03 02
TCP,FE FF 00 32 00 00
TCP,3C 2F
TCP,3C 2F
TCP,01 00 00 00
TCP,46 00 00 00
TCP,24 00 4A
TCP,20 20 5D
TCP,9000
TCP,31 05 00 00
TCP,1C 96 04 00
TCP,1C 96 04 00
TCP,1C 96 07 00
TCP,2B 61
TCP,52 17 96 25 00 08
TCP,07 64 00 00 00 07 90 01 00 00 07
TCP,00 00 00 06 00 00 23 40 00 00 00 00 06 00 00 00 00 00 00 00 00 08
TCP,1C 96 02 00 08
TCP,52 96 09 00 08
TCP,1C 96 07 00 07 01 00 00 00 08
TCP,52 17 96 25 00 08
TCP,07 64 00 00 00 07 90 01 00 00 07
TCP,FF FE 32 00 00 00 20 00
TCP,34 00 32 00 00 00 20 00
TCP,5C 00 2E 00 2E 00 5C 00
TCP,3E 3C
TCP,3C 2F
TCP,A0 00 00 00
TCP,0D 0A
TCP,00 00 00 0C 6A 50 20 20 0D 0A 87 0A 00 00 00 14 66 74 79 70 6A 70 32
TCP,4E 96 05 00 07 01 00 00 00 43 87 01 00 04 17 96 08 00 04
TCP,4E 4F 96 08 00 04
TCP,4E 4F 96 0D 00 04
TCP,22 3A
TCP,7B 2E 77 B9
TCP,3B 20
TCP,04 00 00 00 25 05 90 19 03
TCP,C7 40 18 00 04 00 00
TCP,65 01 6C
TCP,A0 4A
TCP,01 2C
TCP,96 05 00 07 00 00 00 00 43 87 01 00
TCP,40 3C 96 04 00 04
TCP,8E 08 00 00 00 00 02 29 00
TCP,52 17 96 05 00 07 0A 00 00 00 3E 4F 96 04 00 04
TCP,0D 0A
TCP,3A 20
TCP,0D 0A
TCP,0D 03 00 00
TCP,22 20
TCP,22 20
TCP,0D 0A
TCP,22 20
TCP,02 00 00 C0
TCP,00 00 00 00 00 00 00 00
TCP,4F 00 00 00
TCP,BA 04 00 00 00
TCP,48 89 C7 E8
TCP,01 45 F8
TCP,83 45 FC 01
TCP,BB A7 A7 A3 D3 C2 DD
TCP,A0 A6 B0 B0 B6 A0 A0
TCP,7C 7C 7C
TCP,16 03
TCP,0D 0A
TCP,04 00 00 00
TCP,78 7C 71 4C 4A 49 49 49 4A 4C 46
TCP,6D 7C
TCP,E0 72 09 AB D5 4F 6E BC 87 B3 3F
TCP,75 72 00
TCP,0D 0A
TCP,8080
TCP,0D 0A
TCP,00 00 00 20 00
TCP,20 00
TCP,00 00
TCP,0D 0A
TCP,0D 0A
TCP,0D 0A
TCP,0D 0A 0D 0A
TCP,0D 0A
TCP,16 03 01
TCP,10 6D
TCP,21 10
TCP,50 6A 00 6A 00 6A 00 6A 00 68
TCP,FF 15
TCP,50 68 00 10 00 00 8D
TCP,00 01 00 00
TCP,17 96 02 00
TCP,69 96 04 00
TCP,1C 96 02 00
TCP,21 43 34 12
TCP,8E 7E E1 E6
TCP,28 22
TCP,AD 0D 00 00
TCP,DC 01
TCP,03 00 00 8E 00 00 00 00 00 00 00 00 00 00 00 00 00 00 03 00 00 8E
TCP,64 A1 30 00 00 00 8B 40 2C
TCP,6A 04 68
TCP,42 28 58 28
TCP,6C 28 49 28 51 28
TCP,96 07 00 07 01 00 00 00 08 14 1C 96 02 00 08 15 52 17
TCP,3C 96 05 00 07 00 00 00 00
TCP,00 00 00 02
TCP,00 00 00 01
TCP,00 00 00 00
TCP,C7 85
TCP,0F 00 00 00 C7 85
TCP,27 00 00 00 C7 85
TCP,AE 01 00 00 C7 85
TCP,0D 00 00 00 C7 85
TCP,09 00 00 00 C7 85
TCP,0C 00 00 00 C7 85
TCP,14 00 00 00 C7 85
TCP,FA FF FF
TCP,F8 FF FF
TCP,F8 FF FF
UDP,00 01 00 01 00
UDP,00 00 80 00 00 00 00 00 F9 00 FF
TCP,FF FE 32 00 00 00 20 00
TCP,34 00 32 00 00 00 20 00
TCP,2F 00 2E 00 2E 00 2F 00
TCP,16 03 00
TCP,03 00 12
TCP,02 30
TCP,21 43 34 12
TCP,A3 E8 13 07
TCP,16 03
TCP,55 04 07 0C 0B
TCP,55 04 0A 0C 16
UDP,EA EA EA EA EA EA EA EA EA EA EA EA EA EA EA EA EA EA EA
TCP,00 FF
TCP,D0 49 00 5D 03 4A 03 00 80 03
TCP,22 20 22
TCP,22 20 22
TCP,40 00
TCP,03 00
TCP,22 3A
